"","Mh101","Mh102","Mh103","Mh104","Mh105","Mh106","Mh107","Mh108","Mh109","Mh110"
"1",95018,0,0,0,0,0,0,0,0,0
"2",95018,0,0,0,0,0,0,0,0,0
"3",95018,0,0,0,0,0,0,0,0,0
"4",95018,0,0,0,0,0,0,0,0,0
"5",195419,0,0,0,0,0,0,0,0,0
"6",195419,0,0,0,0,0,0,0,0,0
"7",195419,0,0,0,0,0,0,0,0,0
"8",195419,0,0,0,0,0,0,0,0,0
"9",2342081,1434285,1170077,368829,1128401,1493673,3010228,3993033,3092197,1445138
"10",2342081,1434285,1170077,368829,1128401,1493673,3010228,3993033,3092197,1445138
"11",2342081,1434285,1170077,368829,1128401,1493673,3010228,3993033,3092197,1445138
"12",2342081,1434285,1170077,368829,1128401,1493673,3010228,3993033,3092197,1445138
"13",9502884,7520535,7324217,2037914,5673735,9209852,7387499,10762131,7425802,4079721
"14",9502884,7520535,7324217,2037914,5673735,9209852,7387499,10762131,7425802,4079721
"15",9502884,7520535,7324217,2037914,5673735,9209852,7387499,10762131,7425802,4079721
"16",9502884,7520535,7324217,2037914,5673735,9209852,7387499,10762131,7425802,4079721
"17",13268409,8457262,8696893,3259998,7231357,10980420,9417698,14227779,10173250,6590705
"18",13268409,8457262,8696893,3259998,7231357,10980420,9417698,14227779,10173250,6590705
"19",13268409,8457262,8696893,3259998,7231357,10980420,9417698,14227779,10173250,6590705
"20",13268409,8457262,8696893,3259998,7231357,10980420,9417698,14227779,10173250,6590705
"21",157028,52353,51847,21506,24562,156415,1774307,2018292,1163685,18678
"22",157028,52353,51847,21506,24562,156415,1774307,2018292,1163685,18678
"23",157028,52353,51847,21506,24562,156415,1774307,2018292,1163685,18678
"24",157028,52353,51847,21506,24562,156415,1774307,2018292,1163685,18678
"25",218581,85836,82090,31820,41594,67996,51300,66921,38343,33281
"26",218581,85836,82090,31820,41594,67996,51300,66921,38343,33281
"27",218581,85836,82090,31820,41594,67996,51300,66921,38343,33281
"28",218581,85836,82090,31820,41594,67996,51300,66921,38343,33281
"29",209270,70801,59681,21342,31386,48608,42357,52342,31564,25075
"30",209270,70801,59681,21342,31386,48608,42357,52342,31564,25075
"31",209270,70801,59681,21342,31386,48608,42357,52342,31564,25075
"32",209270,70801,59681,21342,31386,48608,42357,52342,31564,25075
"33",0,1203686,4040674,1839098,614318,2038596,2077301,2589271,3142472,1622320
"34",0,1203686,4040674,1839098,614318,2038596,2077301,2589271,3142472,1622320
"35",0,1203686,4040674,1839098,614318,2038596,2077301,2589271,3142472,1622320
"36",0,1203686,4040674,1839098,614318,2038596,2077301,2589271,3142472,1622320
"37",5355236,2017183,2084439,1095261,368371,5,3,10,3,2
"38",5355236,2017183,2084439,1095261,368371,5,3,10,3,2
"39",5355236,2017183,2084439,1095261,368371,5,3,10,3,2
"40",5355236,2017183,2084439,1095261,368371,5,3,10,3,2
"41",0,0,0,0,14128,134240,272245,259396,43,31
"42",0,0,0,0,14128,134240,272245,259396,43,31
"43",0,0,0,0,14128,134240,272245,259396,43,31
"44",0,0,0,0,14128,134240,272245,259396,43,31
"45",0,0,0,0,37114,334384,696261,615988,45,15
"46",0,0,0,0,37114,334384,696261,615988,45,15
"47",0,0,0,0,37114,334384,696261,615988,45,15
"48",0,0,0,0,37114,334384,696261,615988,45,15
"49",0,0,0,0,26662,233692,494047,478796,47,17
"50",0,0,0,0,26662,233692,494047,478796,47,17
"51",0,0,0,0,26662,233692,494047,478796,47,17
"52",0,0,0,0,26662,233692,494047,478796,47,17
"53",3651671,3588756,2922322,756497,693013,713022,503994,489704,288013,784373
"54",3651671,3588756,2922322,756497,693013,713022,503994,489704,288013,784373
"55",3651671,3588756,2922322,756497,693013,713022,503994,489704,288013,784373
"56",3651671,3588756,2922322,756497,693013,713022,503994,489704,288013,784373
"57",2523109,1127145,1884447,848327,1644290,1762863,1214887,2055676,945367,331708
"58",2523109,1127145,1884447,848327,1644290,1762863,1214887,2055676,945367,331708
"59",2523109,1127145,1884447,848327,1644290,1762863,1214887,2055676,945367,331708
"60",2523109,1127145,1884447,848327,1644290,1762863,1214887,2055676,945367,331708
"61",0,0,0,0,579735,1467152,1133828,684443,44,845862
"62",0,0,0,0,579735,1467152,1133828,684443,44,845862
"63",0,0,0,0,579735,1467152,1133828,684443,44,845862
"64",0,0,0,0,579735,1467152,1133828,684443,44,845862
"65",0,0,0,0,13957,28500,21817,13921,17,17914
"66",0,0,0,0,13957,28500,21817,13921,17,17914
"67",0,0,0,0,13957,28500,21817,13921,17,17914
"68",0,0,0,0,13957,28500,21817,13921,17,17914
"69",2952154,897119,695533,140152,281534,6,12,1,12,3
"70",2952154,897119,695533,140152,281534,6,12,1,12,3
"71",2952154,897119,695533,140152,281534,6,12,1,12,3
"72",2952154,897119,695533,140152,281534,6,12,1,12,3
"73",0,0,0,0,0,0,0,0,0,37189
"74",0,0,0,0,0,0,0,0,0,37189
"75",0,0,0,0,0,0,0,0,0,37189
"76",0,0,0,0,0,0,0,0,0,37189
"77",0,0,0,0,0,0,0,0,0,359639
"78",0,0,0,0,0,0,0,0,0,359639
"79",0,0,0,0,0,0,0,0,0,359639
"80",0,0,0,0,0,0,0,0,0,359639
"81",0,0,0,0,0,0,0,0,0,350776
"82",0,0,0,0,0,0,0,0,0,350776
"83",0,0,0,0,0,0,0,0,0,350776
"84",0,0,0,0,0,0,0,0,0,350776
"85",371172,247805,260706,105022,16856,0,0,0,0,0
"86",371172,247805,260706,105022,16856,0,0,0,0,0
"87",371172,247805,260706,105022,16856,0,0,0,0,0
"88",371172,247805,260706,105022,16856,0,0,0,0,0
"89",621230,316917,318878,144239,26584,0,0,0,0,0
"90",621230,316917,318878,144239,26584,0,0,0,0,0
"91",621230,316917,318878,144239,26584,0,0,0,0,0
"92",621230,316917,318878,144239,26584,0,0,0,0,0
"93",0,771330,365401,0,71244,965017,1160505,873735,499299,471673
"94",0,771330,365401,0,71244,965017,1160505,873735,499299,471673
"95",0,771330,365401,0,71244,965017,1160505,873735,499299,471673
"96",0,771330,365401,0,71244,965017,1160505,873735,499299,471673
"97",0,1609920,1640374,425202,206314,1724966,1254233,930252,511410,472186
"98",0,1609920,1640374,425202,206314,1724966,1254233,930252,511410,472186
"99",0,1609920,1640374,425202,206314,1724966,1254233,930252,511410,472186
"100",0,1609920,1640374,425202,206314,1724966,1254233,930252,511410,472186
"101",0,887155,1341280,191466,179533,642990,62,35,14,471691
"102",0,887155,1341280,191466,179533,642990,62,35,14,471691
"103",0,887155,1341280,191466,179533,642990,62,35,14,471691
"104",0,887155,1341280,191466,179533,642990,62,35,14,471691
"105",615292,363316,447992,233755,347539,129107,121944,440052,217553,97277
"106",615292,363316,447992,233755,347539,129107,121944,440052,217553,97277
"107",615292,363316,447992,233755,347539,129107,121944,440052,217553,97277
"108",615292,363316,447992,233755,347539,129107,121944,440052,217553,97277
"109",579377,260144,289584,153546,593098,424068,269337,651846,1060321,1614000
"110",579377,260144,289584,153546,593098,424068,269337,651846,1060321,1614000
"111",579377,260144,289584,153546,593098,424068,269337,651846,1060321,1614000
"112",579377,260144,289584,153546,593098,424068,269337,651846,1060321,1614000
"113",626478,289105,378907,253395,771798,564232,627546,1334201,894401,610210
"114",626478,289105,378907,253395,771798,564232,627546,1334201,894401,610210
"115",626478,289105,378907,253395,771798,564232,627546,1334201,894401,610210
"116",626478,289105,378907,253395,771798,564232,627546,1334201,894401,610210
"117",15720,0,0,0,3547,28963,54004,99605,54453,46605
"118",15720,0,0,0,3547,28963,54004,99605,54453,46605
"119",15720,0,0,0,3547,28963,54004,99605,54453,46605
"120",15720,0,0,0,3547,28963,54004,99605,54453,46605
"121",26004,0,0,0,2059,54372,53426,277494,145184,153302
"122",26004,0,0,0,2059,54372,53426,277494,145184,153302
"123",26004,0,0,0,2059,54372,53426,277494,145184,153302
"124",26004,0,0,0,2059,54372,53426,277494,145184,153302
"125",23517,0,0,0,5666,79882,95438,239292,98495,89041
"126",23517,0,0,0,5666,79882,95438,239292,98495,89041
"127",23517,0,0,0,5666,79882,95438,239292,98495,89041
"128",23517,0,0,0,5666,79882,95438,239292,98495,89041
"129",13876,2032,700,85,2233,14901,4307,2451,776,1119
"130",13876,2032,700,85,2233,14901,4307,2451,776,1119
"131",13876,2032,700,85,2233,14901,4307,2451,776,1119
"132",13876,2032,700,85,2233,14901,4307,2451,776,1119
"133",34252,46093,32741,6085,29658,55040,48042,76422,16287,27120
"134",34252,46093,32741,6085,29658,55040,48042,76422,16287,27120
"135",34252,46093,32741,6085,29658,55040,48042,76422,16287,27120
"136",34252,46093,32741,6085,29658,55040,48042,76422,16287,27120
"137",84900,110941,78928,15814,80960,134761,128298,203978,40983,61199
"138",84900,110941,78928,15814,80960,134761,128298,203978,40983,61199
"139",84900,110941,78928,15814,80960,134761,128298,203978,40983,61199
"140",84900,110941,78928,15814,80960,134761,128298,203978,40983,61199
"141",263001,97271,94024,14073,98470,174258,103756,96907,50206,56854
"142",263001,97271,94024,14073,98470,174258,103756,96907,50206,56854
"143",263001,97271,94024,14073,98470,174258,103756,96907,50206,56854
"144",263001,97271,94024,14073,98470,174258,103756,96907,50206,56854
"145",481758,159132,158838,27163,111941,238408,199407,181905,93494,81701
"146",481758,159132,158838,27163,111941,238408,199407,181905,93494,81701
"147",481758,159132,158838,27163,111941,238408,199407,181905,93494,81701
"148",481758,159132,158838,27163,111941,238408,199407,181905,93494,81701
"149",542415,193734,186506,31540,221627,359146,231496,220021,102440,105357
"150",542415,193734,186506,31540,221627,359146,231496,220021,102440,105357
"151",542415,193734,186506,31540,221627,359146,231496,220021,102440,105357
"152",542415,193734,186506,31540,221627,359146,231496,220021,102440,105357
"153",1422557,666775,667806,339704,806170,180856,203702,715381,479700,367174
"154",1422557,666775,667806,339704,806170,180856,203702,715381,479700,367174
"155",1422557,666775,667806,339704,806170,180856,203702,715381,479700,367174
"156",1422557,666775,667806,339704,806170,180856,203702,715381,479700,367174
"157",2222557,1011935,1009669,491903,1249154,338273,361687,1027852,673542,594867
"158",2222557,1011935,1009669,491903,1249154,338273,361687,1027852,673542,594867
"159",2222557,1011935,1009669,491903,1249154,338273,361687,1027852,673542,594867
"160",2222557,1011935,1009669,491903,1249154,338273,361687,1027852,673542,594867
"161",3072605,1346006,1366223,694114,1327691,259125,343941,1180300,806776,581344
"162",3072605,1346006,1366223,694114,1327691,259125,343941,1180300,806776,581344
"163",3072605,1346006,1366223,694114,1327691,259125,343941,1180300,806776,581344
"164",3072605,1346006,1366223,694114,1327691,259125,343941,1180300,806776,581344
"165",126107,49805,44180,9387,42278,60083,44616,53584,33378,28944
"166",126107,49805,44180,9387,42278,60083,44616,53584,33378,28944
"167",126107,49805,44180,9387,42278,60083,44616,53584,33378,28944
"168",126107,49805,44180,9387,42278,60083,44616,53584,33378,28944
"169",231695,84622,81184,17801,79992,88995,69086,81671,47198,35905
"170",231695,84622,81184,17801,79992,88995,69086,81671,47198,35905
"171",231695,84622,81184,17801,79992,88995,69086,81671,47198,35905
"172",231695,84622,81184,17801,79992,88995,69086,81671,47198,35905
"173",279103,104945,91309,19735,84747,92427,70552,80148,44402,36854
"174",279103,104945,91309,19735,84747,92427,70552,80148,44402,36854
"175",279103,104945,91309,19735,84747,92427,70552,80148,44402,36854
"176",279103,104945,91309,19735,84747,92427,70552,80148,44402,36854
"177",37451,11300,10169,1153,15604,32167,20790,17049,8472,7382
"178",37451,11300,10169,1153,15604,32167,20790,17049,8472,7382
"179",37451,11300,10169,1153,15604,32167,20790,17049,8472,7382
"180",37451,11300,10169,1153,15604,32167,20790,17049,8472,7382
"181",64288,19889,19662,1312,30224,69031,37161,26312,9752,7576
"182",64288,19889,19662,1312,30224,69031,37161,26312,9752,7576
"183",64288,19889,19662,1312,30224,69031,37161,26312,9752,7576
"184",64288,19889,19662,1312,30224,69031,37161,26312,9752,7576
"185",66868,22990,22414,3587,29940,51570,32407,30661,12832,11291
"186",66868,22990,22414,3587,29940,51570,32407,30661,12832,11291
"187",66868,22990,22414,3587,29940,51570,32407,30661,12832,11291
"188",66868,22990,22414,3587,29940,51570,32407,30661,12832,11291
"189",28188,0,21017,97917,242222,75689,104036,137470,95961,83430
"190",28188,0,21017,97917,242222,75689,104036,137470,95961,83430
"191",28188,0,21017,97917,242222,75689,104036,137470,95961,83430
"192",28188,0,21017,97917,242222,75689,104036,137470,95961,83430
"193",52044,1,38324,203403,499294,176950,248304,339167,219493,168893
"194",52044,1,38324,203403,499294,176950,248304,339167,219493,168893
"195",52044,1,38324,203403,499294,176950,248304,339167,219493,168893
"196",52044,1,38324,203403,499294,176950,248304,339167,219493,168893
"197",59769,1,52011,235224,569258,169555,230500,286433,171378,138260
"198",59769,1,52011,235224,569258,169555,230500,286433,171378,138260
"199",59769,1,52011,235224,569258,169555,230500,286433,171378,138260
"200",59769,1,52011,235224,569258,169555,230500,286433,171378,138260
"201",1240775,763441,753684,158860,435778,196148,372684,851481,611447,579792
"202",1240775,763441,753684,158860,435778,196148,372684,851481,611447,579792
"203",1240775,763441,753684,158860,435778,196148,372684,851481,611447,579792
"204",1240775,763441,753684,158860,435778,196148,372684,851481,611447,579792
"205",2431248,1539098,1521162,321939,923299,486227,968252,2073877,1132495,886362
"206",2431248,1539098,1521162,321939,923299,486227,968252,2073877,1132495,886362
"207",2431248,1539098,1521162,321939,923299,486227,968252,2073877,1132495,886362
"208",2431248,1539098,1521162,321939,923299,486227,968252,2073877,1132495,886362
"209",2833336,1758655,1672575,343345,945821,445778,820560,1710388,980392,705324
"210",2833336,1758655,1672575,343345,945821,445778,820560,1710388,980392,705324
"211",2833336,1758655,1672575,343345,945821,445778,820560,1710388,980392,705324
"212",2833336,1758655,1672575,343345,945821,445778,820560,1710388,980392,705324
"213",314659,127017,121351,27017,75524,90112,86346,122955,75075,68440
"214",314659,127017,121351,27017,75524,90112,86346,122955,75075,68440
"215",314659,127017,121351,27017,75524,90112,86346,122955,75075,68440
"216",314659,127017,121351,27017,75524,90112,86346,122955,75075,68440
"217",512113,208822,198698,47188,146600,160266,143248,171886,99373,89888
"218",512113,208822,198698,47188,146600,160266,143248,171886,99373,89888
"219",512113,208822,198698,47188,146600,160266,143248,171886,99373,89888
"220",512113,208822,198698,47188,146600,160266,143248,171886,99373,89888
"221",639865,245452,223473,52836,142843,143624,134014,171422,98011,77208
"222",639865,245452,223473,52836,142843,143624,134014,171422,98011,77208
"223",639865,245452,223473,52836,142843,143624,134014,171422,98011,77208
"224",639865,245452,223473,52836,142843,143624,134014,171422,98011,77208
"225",0,0,0,0,0,7599,57019,53799,36694,5
"226",0,0,0,0,0,7599,57019,53799,36694,5
"227",0,0,0,0,0,7599,57019,53799,36694,5
"228",0,0,0,0,0,7599,57019,53799,36694,5
"229",0,6087,1803,0,0,0,0,0,0,0
"230",0,6087,1803,0,0,0,0,0,0,0
"231",0,6087,1803,0,0,0,0,0,0,0
"232",0,6087,1803,0,0,0,0,0,0,0
"233",0,0,0,0,0,30032,328167,254521,197815,5
"234",0,0,0,0,0,30032,328167,254521,197815,5
"235",0,0,0,0,0,30032,328167,254521,197815,5
"236",0,0,0,0,0,30032,328167,254521,197815,5
"237",0,13407,5069,0,0,0,0,0,0,0
"238",0,13407,5069,0,0,0,0,0,0,0
"239",0,13407,5069,0,0,0,0,0,0,0
"240",0,13407,5069,0,0,0,0,0,0,0
"241",0,0,0,0,0,62914,714790,991456,1046722,199
"242",0,0,0,0,0,62914,714790,991456,1046722,199
"243",0,0,0,0,0,62914,714790,991456,1046722,199
"244",0,0,0,0,0,62914,714790,991456,1046722,199
"245",0,86604,34381,0,0,0,0,0,0,0
"246",0,86604,34381,0,0,0,0,0,0,0
"247",0,86604,34381,0,0,0,0,0,0,0
"248",0,86604,34381,0,0,0,0,0,0,0
"249",0,0,0,0,0,8136,66730,96777,33602,2
"250",0,0,0,0,0,8136,66730,96777,33602,2
"251",0,0,0,0,0,8136,66730,96777,33602,2
"252",0,0,0,0,0,8136,66730,96777,33602,2
"253",0,30580,14335,0,0,0,0,0,0,0
"254",0,30580,14335,0,0,0,0,0,0,0
"255",0,30580,14335,0,0,0,0,0,0,0
"256",0,30580,14335,0,0,0,0,0,0,0
"257",0,0,0,0,0,348957,2438975,3461752,2696430,16
"258",0,0,0,0,0,348957,2438975,3461752,2696430,16
"259",0,0,0,0,0,348957,2438975,3461752,2696430,16
"260",0,0,0,0,0,348957,2438975,3461752,2696430,16
"261",0,1009216,353235,0,0,0,0,0,0,0
"262",0,1009216,353235,0,0,0,0,0,0,0
"263",0,1009216,353235,0,0,0,0,0,0,0
"264",0,1009216,353235,0,0,0,0,0,0,0
"265",0,0,0,0,0,490670,4442840,6335540,3221317,18
"266",0,0,0,0,0,490670,4442840,6335540,3221317,18
"267",0,0,0,0,0,490670,4442840,6335540,3221317,18
"268",0,0,0,0,0,490670,4442840,6335540,3221317,18
"269",0,1188592,410545,0,0,0,0,0,0,0
"270",0,1188592,410545,0,0,0,0,0,0,0
"271",0,1188592,410545,0,0,0,0,0,0,0
"272",0,1188592,410545,0,0,0,0,0,0,0
"273",119,7,10,2,10,5,2,3,2,0
"274",119,7,10,2,10,5,2,3,2,0
"275",119,7,10,2,10,5,2,3,2,0
"276",119,7,10,2,10,5,2,3,2,0
"277",0,0,0,0,68139,1360757,1155128,1064516,186879,618210
"278",0,0,0,0,68139,1360757,1155128,1064516,186879,618210
"279",0,0,0,0,68139,1360757,1155128,1064516,186879,618210
"280",0,0,0,0,68139,1360757,1155128,1064516,186879,618210
"281",0,0,0,0,68249,1443211,1093200,966552,261841,695837
"282",0,0,0,0,68249,1443211,1093200,966552,261841,695837
"283",0,0,0,0,68249,1443211,1093200,966552,261841,695837
"284",0,0,0,0,68249,1443211,1093200,966552,261841,695837
"285",17360280,3422458,4878124,880271,178,11704660,7293535,9385325,289,111
"286",17360280,3422458,4878124,880271,178,11704660,7293535,9385325,289,111
"287",17360280,3422458,4878124,880271,178,11704660,7293535,9385325,289,111
"288",17360280,3422458,4878124,880271,178,11704660,7293535,9385325,289,111
"289",1172727,5,1,0,0,0,0,0,0,0
"290",1172727,5,1,0,0,0,0,0,0,0
"291",1172727,5,1,0,0,0,0,0,0,0
"292",1172727,5,1,0,0,0,0,0,0,0
"293",2330001,16,4,0,0,0,0,0,0,0
"294",2330001,16,4,0,0,0,0,0,0,0
"295",2330001,16,4,0,0,0,0,0,0,0
"296",2330001,16,4,0,0,0,0,0,0,0
"297",2582305,10,0,0,0,0,0,0,1,0
"298",2582305,10,0,0,0,0,0,0,1,0
"299",2582305,10,0,0,0,0,0,0,1,0
"300",2582305,10,0,0,0,0,0,0,1,0
"301",0,1198998,1049605,431615,928489,604771,19,38,31,632109
"302",0,1198998,1049605,431615,928489,604771,19,38,31,632109
"303",0,1198998,1049605,431615,928489,604771,19,38,31,632109
"304",0,1198998,1049605,431615,928489,604771,19,38,31,632109
"305",0,1274151,555426,219301,855130,447635,4,28,28,475542
"306",0,1274151,555426,219301,855130,447635,4,28,28,475542
"307",0,1274151,555426,219301,855130,447635,4,28,28,475542
"308",0,1274151,555426,219301,855130,447635,4,28,28,475542
"309",0,918191,795769,337057,603456,389178,6,28,26,396092
"310",0,918191,795769,337057,603456,389178,6,28,26,396092
"311",0,918191,795769,337057,603456,389178,6,28,26,396092
"312",0,918191,795769,337057,603456,389178,6,28,26,396092
"313",0,680166,713425,390619,380262,611751,1,27,35,536957
"314",0,680166,713425,390619,380262,611751,1,27,35,536957
"315",0,680166,713425,390619,380262,611751,1,27,35,536957
"316",0,680166,713425,390619,380262,611751,1,27,35,536957
"317",0,484312,531637,236064,266015,491135,4,28,33,403504
"318",0,484312,531637,236064,266015,491135,4,28,33,403504
"319",0,484312,531637,236064,266015,491135,4,28,33,403504
"320",0,484312,531637,236064,266015,491135,4,28,33,403504
"321",0,154118,219823,84273,114796,202447,5,31,29,183596
"322",0,154118,219823,84273,114796,202447,5,31,29,183596
"323",0,154118,219823,84273,114796,202447,5,31,29,183596
"324",0,154118,219823,84273,114796,202447,5,31,29,183596
"325",276065,112913,87957,37621,11846,1,0,0,0,0
"326",276065,112913,87957,37621,11846,1,0,0,0,0
"327",276065,112913,87957,37621,11846,1,0,0,0,0
"328",276065,112913,87957,37621,11846,1,0,0,0,0
"329",2354303,788051,614269,262587,82823,1,0,0,0,0
"330",2354303,788051,614269,262587,82823,1,0,0,0,0
"331",2354303,788051,614269,262587,82823,1,0,0,0,0
"332",2354303,788051,614269,262587,82823,1,0,0,0,0
"333",2004670,787620,613814,262506,82756,1,0,0,0,0
"334",2004670,787620,613814,262506,82756,1,0,0,0,0
"335",2004670,787620,613814,262506,82756,1,0,0,0,0
"336",2004670,787620,613814,262506,82756,1,0,0,0,0
"337",179064,20,12,4,12,2,5,6,3,2
"338",179064,20,12,4,12,2,5,6,3,2
"339",179064,20,12,4,12,2,5,6,3,2
"340",179064,20,12,4,12,2,5,6,3,2
"341",299132,44,22,7,12,1,3,2,0,2
"342",299132,44,22,7,12,1,3,2,0,2
"343",299132,44,22,7,12,1,3,2,0,2
"344",299132,44,22,7,12,1,3,2,0,2
"345",0,0,0,0,190752,287756,200171,192938,118924,154083
"346",0,0,0,0,190752,287756,200171,192938,118924,154083
"347",0,0,0,0,190752,287756,200171,192938,118924,154083
"348",0,0,0,0,190752,287756,200171,192938,118924,154083
"349",0,0,0,0,16147,24286,20102,26651,16919,51906
"350",0,0,0,0,16147,24286,20102,26651,16919,51906
"351",0,0,0,0,16147,24286,20102,26651,16919,51906
"352",0,0,0,0,16147,24286,20102,26651,16919,51906
"353",0,0,0,0,199409,278350,199897,192403,119144,161271
"354",0,0,0,0,199409,278350,199897,192403,119144,161271
"355",0,0,0,0,199409,278350,199897,192403,119144,161271
"356",0,0,0,0,199409,278350,199897,192403,119144,161271
"357",0,0,0,0,16694,23368,20049,26715,16893,53802
"358",0,0,0,0,16694,23368,20049,26715,16893,53802
"359",0,0,0,0,16694,23368,20049,26715,16893,53802
"360",0,0,0,0,16694,23368,20049,26715,16893,53802
"361",354532,153,79,54,54,41,40,46,12,9
"362",354532,153,79,54,54,41,40,46,12,9
"363",354532,153,79,54,54,41,40,46,12,9
"364",354532,153,79,54,54,41,40,46,12,9
"365",1986264,550,283,88,111,83,59,57,32,28
"366",1986264,550,283,88,111,83,59,57,32,28
"367",1986264,550,283,88,111,83,59,57,32,28
"368",1986264,550,283,88,111,83,59,57,32,28
"369",0,0,0,0,76469,987519,850671,1129566,593227,482173
"370",0,0,0,0,76469,987519,850671,1129566,593227,482173
"371",0,0,0,0,76469,987519,850671,1129566,593227,482173
"372",0,0,0,0,76469,987519,850671,1129566,593227,482173
"373",0,0,0,0,77187,988519,848356,1128393,590828,479587
"374",0,0,0,0,77187,988519,848356,1128393,590828,479587
"375",0,0,0,0,77187,988519,848356,1128393,590828,479587
"376",0,0,0,0,77187,988519,848356,1128393,590828,479587
"377",7158147,2962366,2059619,1234349,311029,0,0,0,0,0
"378",7158147,2962366,2059619,1234349,311029,0,0,0,0,0
"379",7158147,2962366,2059619,1234349,311029,0,0,0,0,0
"380",7158147,2962366,2059619,1234349,311029,0,0,0,0,0
"381",697704,0,0,0,0,0,0,0,0,0
"382",697704,0,0,0,0,0,0,0,0,0
"383",697704,0,0,0,0,0,0,0,0,0
"384",697704,0,0,0,0,0,0,0,0,0
"385",78601,0,0,0,0,0,0,0,0,0
"386",78601,0,0,0,0,0,0,0,0,0
"387",78601,0,0,0,0,0,0,0,0,0
"388",78601,0,0,0,0,0,0,0,0,0
"389",313861,0,0,0,0,0,0,0,0,0
"390",313861,0,0,0,0,0,0,0,0,0
"391",313861,0,0,0,0,0,0,0,0,0
"392",313861,0,0,0,0,0,0,0,0,0
"393",937482,44,9,4,1,4,1,1,0,0
"394",937482,44,9,4,1,4,1,1,0,0
"395",937482,44,9,4,1,4,1,1,0,0
"396",937482,44,9,4,1,4,1,1,0,0
"397",958906,18,6,0,1,0,1,0,0,0
"398",958906,18,6,0,1,0,1,0,0,0
"399",958906,18,6,0,1,0,1,0,0,0
"400",958906,18,6,0,1,0,1,0,0,0
"401",2639630,1087597,1181743,9,729185,990313,893527,684887,0,0
"402",2639630,1087597,1181743,9,729185,990313,893527,684887,0,0
"403",2639630,1087597,1181743,9,729185,990313,893527,684887,0,0
"404",2639630,1087597,1181743,9,729185,990313,893527,684887,0,0
"405",3249452,1294148,1340509,908774,1018935,1443484,1194372,1478369,885503,829853
"406",3249452,1294148,1340509,908774,1018935,1443484,1194372,1478369,885503,829853
"407",3249452,1294148,1340509,908774,1018935,1443484,1194372,1478369,885503,829853
"408",3249452,1294148,1340509,908774,1018935,1443484,1194372,1478369,885503,829853
"409",42865,49020,37108,19200,34533,21435,23524,29047,1730,1
"410",42865,49020,37108,19200,34533,21435,23524,29047,1730,1
"411",42865,49020,37108,19200,34533,21435,23524,29047,1730,1
"412",42865,49020,37108,19200,34533,21435,23524,29047,1730,1
"413",340269,367151,343464,127505,266097,188293,168693,190128,12570,6
"414",340269,367151,343464,127505,266097,188293,168693,190128,12570,6
"415",340269,367151,343464,127505,266097,188293,168693,190128,12570,6
"416",340269,367151,343464,127505,266097,188293,168693,190128,12570,6
"417",168713,159698,114222,73973,199462,252031,220780,251159,17454,9
"418",168713,159698,114222,73973,199462,252031,220780,251159,17454,9
"419",168713,159698,114222,73973,199462,252031,220780,251159,17454,9
"420",168713,159698,114222,73973,199462,252031,220780,251159,17454,9
"421",0,0,0,0,0,0,0,0,0,172635
"422",0,0,0,0,0,0,0,0,0,172635
"423",0,0,0,0,0,0,0,0,0,172635
"424",0,0,0,0,0,0,0,0,0,172635
"425",0,0,0,0,0,0,0,0,0,562697
"426",0,0,0,0,0,0,0,0,0,562697
"427",0,0,0,0,0,0,0,0,0,562697
"428",0,0,0,0,0,0,0,0,0,562697
"429",0,0,0,0,0,0,0,0,0,441020
"430",0,0,0,0,0,0,0,0,0,441020
"431",0,0,0,0,0,0,0,0,0,441020
"432",0,0,0,0,0,0,0,0,0,441020
"433",0,0,0,0,0,6671,11559,16952,1774,3374
"434",0,0,0,0,0,6671,11559,16952,1774,3374
"435",0,0,0,0,0,6671,11559,16952,1774,3374
"436",0,0,0,0,0,6671,11559,16952,1774,3374
"437",0,0,0,0,0,27108,44306,59389,7063,11622
"438",0,0,0,0,0,27108,44306,59389,7063,11622
"439",0,0,0,0,0,27108,44306,59389,7063,11622
"440",0,0,0,0,0,27108,44306,59389,7063,11622
"441",0,0,0,0,0,17206,26466,37252,4108,8953
"442",0,0,0,0,0,17206,26466,37252,4108,8953
"443",0,0,0,0,0,17206,26466,37252,4108,8953
"444",0,0,0,0,0,17206,26466,37252,4108,8953
"445",0,0,0,0,0,51692,88694,200045,22628,15
"446",0,0,0,0,0,51692,88694,200045,22628,15
"447",0,0,0,0,0,51692,88694,200045,22628,15
"448",0,0,0,0,0,51692,88694,200045,22628,15
"449",0,0,0,0,0,178299,309804,659156,73818,27
"450",0,0,0,0,0,178299,309804,659156,73818,27
"451",0,0,0,0,0,178299,309804,659156,73818,27
"452",0,0,0,0,0,178299,309804,659156,73818,27
"453",0,0,0,0,0,120164,201434,415111,45226,19
"454",0,0,0,0,0,120164,201434,415111,45226,19
"455",0,0,0,0,0,120164,201434,415111,45226,19
"456",0,0,0,0,0,120164,201434,415111,45226,19
"457",0,0,0,0,0,48537,85344,138349,15862,14
"458",0,0,0,0,0,48537,85344,138349,15862,14
"459",0,0,0,0,0,48537,85344,138349,15862,14
"460",0,0,0,0,0,48537,85344,138349,15862,14
"461",0,0,0,0,0,164634,284112,428518,56683,17
"462",0,0,0,0,0,164634,284112,428518,56683,17
"463",0,0,0,0,0,164634,284112,428518,56683,17
"464",0,0,0,0,0,164634,284112,428518,56683,17
"465",0,0,0,0,0,108943,169433,246796,31392,14
"466",0,0,0,0,0,108943,169433,246796,31392,14
"467",0,0,0,0,0,108943,169433,246796,31392,14
"468",0,0,0,0,0,108943,169433,246796,31392,14
"469",6354792,2526932,2488343,1779316,2130907,1989188,1587993,2849278,1895196,1658901
"470",6354792,2526932,2488343,1779316,2130907,1989188,1587993,2849278,1895196,1658901
"471",6354792,2526932,2488343,1779316,2130907,1989188,1587993,2849278,1895196,1658901
"472",6354792,2526932,2488343,1779316,2130907,1989188,1587993,2849278,1895196,1658901
"473",15445828,6742095,7451116,5216974,6561067,6602391,4624707,7677794,4885449,3925419
"474",15445828,6742095,7451116,5216974,6561067,6602391,4624707,7677794,4885449,3925419
"475",15445828,6742095,7451116,5216974,6561067,6602391,4624707,7677794,4885449,3925419
"476",15445828,6742095,7451116,5216974,6561067,6602391,4624707,7677794,4885449,3925419
"477",15756066,7658993,6918411,5178325,6332916,5034026,3822401,7244431,4544760,3695677
"478",15756066,7658993,6918411,5178325,6332916,5034026,3822401,7244431,4544760,3695677
"479",15756066,7658993,6918411,5178325,6332916,5034026,3822401,7244431,4544760,3695677
"480",15756066,7658993,6918411,5178325,6332916,5034026,3822401,7244431,4544760,3695677
"481",623146,274676,252621,118355,333012,492907,342854,459187,225840,247008
"482",623146,274676,252621,118355,333012,492907,342854,459187,225840,247008
"483",623146,274676,252621,118355,333012,492907,342854,459187,225840,247008
"484",623146,274676,252621,118355,333012,492907,342854,459187,225840,247008
"485",59739,16495,14650,8914,49314,63542,41243,47374,42314,49547
"486",59739,16495,14650,8914,49314,63542,41243,47374,42314,49547
"487",59739,16495,14650,8914,49314,63542,41243,47374,42314,49547
"488",59739,16495,14650,8914,49314,63542,41243,47374,42314,49547
"489",45245,19215,9900,5802,43716,53752,26964,41050,25920,20719
"490",45245,19215,9900,5802,43716,53752,26964,41050,25920,20719
"491",45245,19215,9900,5802,43716,53752,26964,41050,25920,20719
"492",45245,19215,9900,5802,43716,53752,26964,41050,25920,20719
"493",686517,364411,411061,184341,393135,556576,387240,499193,246595,288463
"494",686517,364411,411061,184341,393135,556576,387240,499193,246595,288463
"495",686517,364411,411061,184341,393135,556576,387240,499193,246595,288463
"496",686517,364411,411061,184341,393135,556576,387240,499193,246595,288463
"497",65052,37583,34191,25088,74214,89702,65239,80315,38726,28431
"498",65052,37583,34191,25088,74214,89702,65239,80315,38726,28431
"499",65052,37583,34191,25088,74214,89702,65239,80315,38726,28431
"500",65052,37583,34191,25088,74214,89702,65239,80315,38726,28431
"501",95979,43984,17260,9121,61333,79343,55611,76161,38563,36523
"502",95979,43984,17260,9121,61333,79343,55611,76161,38563,36523
"503",95979,43984,17260,9121,61333,79343,55611,76161,38563,36523
"504",95979,43984,17260,9121,61333,79343,55611,76161,38563,36523
"505",1206008,667270,747436,370889,574882,793430,626024,871863,530381,468107
"506",1206008,667270,747436,370889,574882,793430,626024,871863,530381,468107
"507",1206008,667270,747436,370889,574882,793430,626024,871863,530381,468107
"508",1206008,667270,747436,370889,574882,793430,626024,871863,530381,468107
"509",105375,84375,90350,53340,102944,112727,91505,110760,75054,46115
"510",105375,84375,90350,53340,102944,112727,91505,110760,75054,46115
"511",105375,84375,90350,53340,102944,112727,91505,110760,75054,46115
"512",105375,84375,90350,53340,102944,112727,91505,110760,75054,46115
"513",143656,51193,19986,10856,57964,95183,72311,96340,64229,42790
"514",143656,51193,19986,10856,57964,95183,72311,96340,64229,42790
"515",143656,51193,19986,10856,57964,95183,72311,96340,64229,42790
"516",143656,51193,19986,10856,57964,95183,72311,96340,64229,42790
"517",559946,214588,192030,84634,276803,377736,271276,366655,195447,228036
"518",559946,214588,192030,84634,276803,377736,271276,366655,195447,228036
"519",559946,214588,192030,84634,276803,377736,271276,366655,195447,228036
"520",559946,214588,192030,84634,276803,377736,271276,366655,195447,228036
"521",61014,55623,43108,20487,75430,103265,68930,85134,50448,45251
"522",61014,55623,43108,20487,75430,103265,68930,85134,50448,45251
"523",61014,55623,43108,20487,75430,103265,68930,85134,50448,45251
"524",61014,55623,43108,20487,75430,103265,68930,85134,50448,45251
"525",55744,17316,13886,7937,60311,82387,42296,51045,24391,22367
"526",55744,17316,13886,7937,60311,82387,42296,51045,24391,22367
"527",55744,17316,13886,7937,60311,82387,42296,51045,24391,22367
"528",55744,17316,13886,7937,60311,82387,42296,51045,24391,22367
"529",2250200,1580219,1081105,195833,1082390,1205524,918555,1028058,674566,624542
"530",2250200,1580219,1081105,195833,1082390,1205524,918555,1028058,674566,624542
"531",2250200,1580219,1081105,195833,1082390,1205524,918555,1028058,674566,624542
"532",2250200,1580219,1081105,195833,1082390,1205524,918555,1028058,674566,624542
