"","mh101","mh102","mh103","mh104","mh105","mh106","mh107","mh108","mh109","mh110"
"1",23638,0,0,0,0,0,0,0,0,0
"2",23733,0,0,0,0,0,0,0,0,0
"3",23797,0,0,0,0,0,0,0,0,0
"4",23850,0,0,0,0,0,0,0,0,0
"5",48638,0,0,0,0,0,0,0,0,0
"6",48850,0,0,0,0,0,0,0,0,0
"7",49009,0,0,0,0,0,0,0,0,0
"8",48922,0,0,0,0,0,0,0,0,0
"9",672468,552860,314684,137923,564420,598194,986157,1399127,970104,454084
"10",538825,136937,213427,43520,113170,188650,397027,398884,365470,181852
"11",584475,560664,462178,120239,292955,287289,444102,1078924,751394,325009
"12",546313,183824,179788,67147,157856,419540,1182942,1116098,1005229,484193
"13",2168541,1555175,2319444,577098,1704292,2519615,2170438,3447158,2584962,1287951
"14",2956929,3441308,2213944,999225,2554832,3124335,1991494,3121921,1124150,563989
"15",2214069,1774279,1313470,260890,792492,1000656,468614,861582,799994,439597
"16",2163345,749773,1477359,200701,622119,2565246,2756953,3331470,2916696,1788184
"17",3151760,466720,1234639,281704,578324,1152744,1174625,2279074,784687,476694
"18",3175319,823617,1529096,322365,577896,2130875,1830736,2137880,778259,520209
"19",3185517,1322834,1873699,577865,1013872,2301323,4082594,5979085,5496870,3468745
"20",3755813,5844091,4059459,2078064,5061265,5395478,2329743,3831740,3113434,2125057
"21",37089,9155,12126,4781,7982,45816,529256,604752,379923,6275
"22",38888,11763,4313,1671,1677,27834,309637,323743,165987,2545
"23",37947,11778,5494,1428,1566,23060,278075,464495,247764,3937
"24",43104,19657,29914,13626,13337,59705,657339,625302,370011,5921
"25",53850,34099,27889,9804,9491,14175,10335,20115,9059,8132
"26",52258,4690,7274,2662,3691,9669,8557,11200,5203,4137
"27",57643,33541,29027,13294,21691,20759,7230,14172,7676,6218
"28",54830,13506,17900,6060,6721,23393,25178,21434,16405,14794
"29",53906,38677,22387,7602,10915,11186,6312,7875,4753,3681
"30",55132,9222,7029,6047,9165,16453,13854,10967,4390,3211
"31",49573,7625,8645,2869,5185,10440,10418,15211,12615,10710
"32",50659,15277,21620,4824,6121,10529,11773,18289,9806,7473
"33",0,405146,1256228,526561,171944,534477,632315,1063149,1053375,536074
"34",0,308356,1169096,922943,300983,706082,269812,414886,621700,325498
"35",0,324811,773752,227647,79978,411492,219916,414587,414195,211113
"36",0,165373,841598,161947,61413,386545,955258,696649,1053202,549635
"37",1291755,115237,328084,82579,25793,1,0,2,0,0
"38",1297931,192377,403368,93977,29617,1,0,1,1,0
"39",1302105,304495,476477,210184,51617,2,1,1,2,1
"40",1463445,1405074,876510,708521,261344,1,2,6,0,1
"41",0,0,0,0,3404,33662,72822,75959,9,11
"42",0,0,0,0,3561,31348,61987,51999,14,7
"43",0,0,0,0,3597,31728,64847,62338,7,7
"44",0,0,0,0,3566,37502,72589,69100,13,6
"45",0,0,0,0,9181,89042,183488,178932,11,2
"46",0,0,0,0,9388,81861,178519,147790,14,4
"47",0,0,0,0,9230,70333,125235,110825,10,4
"48",0,0,0,0,9315,93148,209019,178441,10,5
"49",0,0,0,0,6749,54581,116968,119523,6,5
"50",0,0,0,0,6630,61101,121213,105071,13,5
"51",0,0,0,0,6601,57101,122470,129806,15,3
"52",0,0,0,0,6682,60909,133396,124396,13,4
"53",854411,766201,893457,212343,194871,208305,160526,176242,86016,226224
"54",1082061,1599776,879208,375263,338744,199336,68467,83318,51441,137020
"55",863871,832616,545460,93353,90095,76843,47230,78476,46387,122615
"56",851328,390163,604197,75538,69303,228538,227771,151668,104169,298514
"57",606276,68201,380982,68214,131772,181908,192656,431809,166919,56613
"58",612082,105541,426807,76643,148315,505201,503765,493319,194732,66338
"59",611434,157488,398214,166326,246907,297081,266116,575893,352455,129072
"60",693317,795915,678444,537144,1117296,778673,252350,554655,231261,79685
"61",0,0,0,0,144791,396195,310861,205461,11,220519
"62",0,0,0,0,144962,352397,258009,130380,11,169856
"63",0,0,0,0,144700,331142,249643,164243,9,211010
"64",0,0,0,0,145282,387418,315315,184359,13,244477
"65",0,0,0,0,3485,7254,5909,3937,6,4831
"66",0,0,0,0,3482,7061,5556,3277,5,4304
"67",0,0,0,0,3478,6160,3920,2793,2,4215
"68",0,0,0,0,3512,8025,6432,3914,4,4564
"69",712754,169840,228482,39012,76181,2,6,0,3,1
"70",811445,430439,207310,68663,135397,3,2,0,2,1
"71",715840,211202,121646,17124,39175,0,2,1,4,1
"72",712115,85638,138095,15353,30781,1,2,0,3,0
"73",0,0,0,0,0,0,0,0,0,9231
"74",0,0,0,0,0,0,0,0,0,9296
"75",0,0,0,0,0,0,0,0,0,9504
"76",0,0,0,0,0,0,0,0,0,9158
"77",0,0,0,0,0,0,0,0,0,90346
"78",0,0,0,0,0,0,0,0,0,90057
"79",0,0,0,0,0,0,0,0,0,89739
"80",0,0,0,0,0,0,0,0,0,89497
"81",0,0,0,0,0,0,0,0,0,87825
"82",0,0,0,0,0,0,0,0,0,87504
"83",0,0,0,0,0,0,0,0,0,87577
"84",0,0,0,0,0,0,0,0,0,87870
"85",81166,48010,79661,29038,3977,0,0,0,0,0
"86",125882,119036,76058,53696,8651,0,0,0,0,0
"87",83474,53404,47885,13511,2499,0,0,0,0,0
"88",80650,27355,57102,8777,1729,0,0,0,0,0
"89",145931,18421,52663,11620,2121,0,0,0,0,0
"90",147176,31545,56016,13404,2138,0,0,0,0,0
"91",148099,51661,69712,27946,3738,0,0,0,0,0
"92",180024,215290,140487,91269,18587,0,0,0,0,0
"93",0,232811,106595,0,36605,394016,335449,288282,155732,149009
"94",0,137855,50977,0,6330,138349,200504,96419,72620,69658
"95",0,256501,166430,0,17725,200052,234036,227335,121306,110746
"96",0,144163,41399,0,10584,232600,390516,261699,149641,142260
"97",0,485036,501623,117516,55633,478327,351805,354101,116081,101901
"98",0,462039,496025,210670,100935,418165,165025,102323,51533,46076
"99",0,413313,303706,54943,26939,199716,191722,250855,124575,99863
"100",0,249532,339020,42073,22807,628758,545681,222973,219221,224346
"101",0,177203,158172,15390,14278,67265,5,8,2,94156
"102",0,114259,213705,16294,14443,89809,27,7,4,98481
"103",0,169368,296815,31951,25434,99773,12,9,2,172134
"104",0,426325,672588,127831,125378,386143,18,11,6,106920
"105",144818,71396,111532,56417,104410,35555,29714,141040,69683,31761
"106",153379,79816,37382,16327,24249,18201,17527,44030,27248,12596
"107",149694,82204,47344,16483,20732,15872,32118,149540,57397,24040
"108",167401,129900,251734,144528,198148,59479,42585,105442,63225,28880
"109",143960,106104,98273,42076,130263,100341,71228,202102,401003,617828
"110",140048,14267,25700,12327,47570,52633,61290,170429,275807,401189
"111",150583,99471,95940,70442,308554,144696,17470,71456,96015,161086
"112",144786,40302,69671,28701,106711,126398,119349,207859,287496,433897
"113",150300,17316,65450,20352,62052,77661,118852,241165,135253,86090
"114",150175,27270,67243,22175,61910,114591,159152,266229,119481,81274
"115",151677,42517,80520,40654,100364,102707,166222,347457,360797,257849
"116",174326,202002,165694,170214,547472,269273,183320,479350,278870,184997
"117",4043,0,0,0,1478,8441,14442,25868,14055,12369
"118",4024,0,0,0,574,6498,12826,23008,11588,9729
"119",3787,0,0,0,801,6450,12267,25849,13171,10981
"120",3866,0,0,0,694,7574,14469,24880,15639,13526
"121",6429,0,0,0,552,15309,14666,80668,39563,41341
"122",6493,0,0,0,718,13341,13000,66242,36167,37558
"123",6502,0,0,0,424,10494,10088,58356,30383,32305
"124",6580,0,0,0,365,15228,15672,72228,39071,42098
"125",5878,0,0,0,912,16425,23083,57395,21800,19573
"126",5844,0,0,0,942,19196,22812,50394,22477,19966
"127",5943,0,0,0,1028,19245,24278,64754,29182,27310
"128",5852,0,0,0,2784,25016,25265,66749,25036,22192
"129",3479,520,222,30,669,4133,1157,699,217,307
"130",3500,531,160,23,590,3565,1009,601,180,261
"131",3445,583,155,18,557,2860,801,465,164,255
"132",3452,398,163,14,417,4343,1340,686,215,296
"133",7829,8449,6870,1525,8909,15503,13532,23218,4278,7408
"134",8541,10335,2503,520,1990,8075,8575,11476,2435,4052
"135",8303,10672,3244,378,1757,8010,10688,18922,4380,7289
"136",9579,16637,20124,3662,17002,23452,15247,22806,5194,8371
"137",20790,42793,26927,4233,17025,31969,32823,59352,11200,16573
"138",19747,6147,6746,1332,7242,17163,22559,46841,6562,8787
"139",23250,44811,29279,7290,42010,40040,14738,32641,6945,9680
"140",21113,17190,15976,2959,14683,45589,58178,65144,16276,26159
"141",61685,17782,23415,3848,30481,51064,22917,30006,13993,17308
"142",64694,20128,7795,868,5846,18978,14065,11696,6106,6737
"143",63881,20046,9896,917,5926,18490,28280,30794,13826,14437
"144",72741,39315,52918,8440,56217,85726,38494,24411,16281,18372
"145",119395,61400,55072,7137,24475,65640,58268,51329,24496,21075
"146",115413,9348,12396,2418,10214,24897,24893,36355,11013,8676
"147",126798,63601,54715,12727,58090,53676,18593,23468,15510,13220
"148",120152,24783,36655,4881,19162,94195,97653,70753,42475,38730
"149",141544,105179,71451,11063,75600,80574,22425,32750,13655,13403
"150",142592,26289,22156,9198,66663,140494,87262,43966,14880,14977
"151",127130,21694,27431,4837,37295,75034,69109,84200,47342,50979
"152",131149,40572,65468,6442,42069,63044,52700,59105,26563,25998
"153",392122,263529,139134,149972,419518,70811,64495,199756,134376,98213
"154",337932,64195,105480,38976,96966,28010,31309,100803,53953,39513
"155",353727,252529,92449,64230,177208,31506,31413,100292,111582,80409
"156",338776,86522,330743,86526,112478,50529,76485,314530,179789,149039
"157",521429,200464,317713,132334,324629,68969,56762,205521,222067,190970
"158",653111,461427,306339,247694,625247,164027,192539,421920,245734,200876
"159",527599,246378,185417,64627,174207,33279,18960,61686,53041,51613
"160",520418,103666,200200,47248,125071,71998,93426,338725,152700,151408
"161",733367,79716,205167,57776,106827,32088,48548,165409,120761,80923
"162",739041,133640,247990,62445,118666,82190,113962,283746,134597,97614
"163",742191,184073,289976,107990,172167,54287,86452,318588,322375,254470
"164",858006,948577,623090,465903,930031,90560,94979,412557,229043,148337
"165",29645,8985,10842,2484,12669,18901,13437,15097,7773,6866
"166",30947,10352,3483,606,2558,6136,5916,6946,2879,2379
"167",30755,10580,4683,590,2557,7154,9462,13535,9171,7324
"168",34760,19888,25172,5707,24494,27892,15801,18006,13555,12375
"169",57333,33250,29664,4331,16102,21344,19235,22953,16197,12225
"170",55167,5777,6286,1498,7169,13623,15087,20443,10936,7824
"171",60841,32461,26683,8452,42429,25144,6628,11355,5313,4168
"172",58354,13134,18551,3520,14292,28884,28136,26920,14752,11688
"173",71296,56536,33628,6405,26172,21945,12969,14462,6000,4838
"174",74920,14424,10653,6055,27138,28522,15759,15305,5679,4530
"175",66058,12199,13011,3119,15388,21516,20448,27351,18389,15674
"176",66829,21786,34017,4156,16049,20444,21376,23030,14334,11812
"177",8762,2139,2433,330,4395,9423,5391,4944,2594,2373
"178",9467,2254,862,82,1147,4605,4516,2540,1400,1100
"179",8981,2327,1177,75,936,3677,3351,3725,1903,1696
"180",10241,4580,5697,666,9126,14462,7532,5840,2575,2213
"181",15927,7658,6799,345,6684,16781,8686,4980,3867,2927
"182",15356,1275,1790,100,2663,9406,11312,9171,2448,1608
"183",16954,7789,6651,619,15809,23101,2391,2109,810,622
"184",16051,3167,4422,248,5068,19743,14772,10052,2627,2419
"185",17534,12392,8372,1286,10083,13594,4604,4846,1732,1445
"186",17709,3072,2681,954,8377,14931,6844,5520,1491,1211
"187",15764,2804,3147,574,5094,11317,11120,11267,5543,5045
"188",15861,4722,8214,773,6386,11728,9839,9028,4066,3590
"189",6981,0,5433,35688,113518,26127,28648,40150,25184,21914
"190",6989,0,3962,16150,34139,13790,20552,24690,19191,17252
"191",7130,0,4357,21639,58166,16162,22113,37137,24077,21038
"192",7088,0,7265,24440,36399,19610,32723,35493,27509,23226
"193",12819,0,11737,58664,140091,48560,69044,98156,59864,46001
"194",13045,0,7657,66653,209827,49978,59966,91913,55492,42554
"195",13072,0,9304,42613,84904,30262,44413,60997,43368,33412
"196",13108,1,9626,35473,64472,48150,74881,88101,60769,46926
"197",15106,0,14864,45853,74313,31659,52189,66578,33230,26978
"198",14795,0,12238,43648,73948,39246,54570,65991,33142,26115
"199",14956,0,9770,40916,96560,38596,63347,80107,58858,48749
"200",14912,1,15139,104807,324437,60054,60394,73757,46148,36418
"201",282575,137347,186319,41008,121876,74095,123639,246779,114807,110063
"202",304087,162764,59062,9754,26184,15618,29634,68560,37985,34814
"203",299361,169205,84063,10038,26226,21474,53061,204505,141512,119426
"204",354752,294125,424240,98060,261492,84961,166350,331637,317143,315489
"205",597890,605475,549408,82205,203380,111912,238816,519475,200441,158476
"206",564638,95570,127170,25190,73851,48150,105446,227920,83144,60362
"207",658973,601017,510088,153522,479720,51339,101609,311463,212021,153900
"208",609747,237036,334496,61022,166348,274826,522381,1015019,636889,513624
"209",736969,938573,638437,120800,331990,87136,127134,240237,137073,90776
"210",782564,229488,195774,100479,283968,116300,175311,307485,139791,97485
"211",643522,210324,231219,51914,150610,115100,222468,821178,379489,301650
"212",670281,380270,607145,70152,179253,127242,295647,341488,324039,215413
"213",73578,23186,29158,7122,21813,26298,24428,34584,18911,17077
"214",77160,27410,9554,1601,4601,11274,12124,15982,6285,5389
"215",76992,27103,13198,1854,4621,11585,16100,27118,18566,15584
"216",86929,49318,69441,16440,44489,40955,33694,45271,31313,30390
"217",126744,81753,70780,12437,32328,40839,39935,49677,31538,28182
"218",121839,14195,17699,4111,13257,20820,24512,39721,20109,17250
"219",135758,80582,65634,21944,76274,35815,13691,25596,13994,12663
"220",127772,32292,44585,8696,24741,62792,65110,56892,33732,31793
"221",164611,132827,84986,17687,47220,29446,19946,23903,12843,9753
"222",171086,34520,26862,15998,44226,43494,27717,27557,11310,8561
"223",150114,27706,33807,8224,25731,36926,42453,60106,40564,33264
"224",154054,50399,77818,10927,25666,33758,43898,59856,33294,25630
"225",0,0,0,0,0,1962,14969,13990,9819,0
"226",0,0,0,0,0,1676,11992,11226,8508,5
"227",0,0,0,0,0,1730,13530,12493,7676,0
"228",0,0,0,0,0,2231,16528,16090,10691,0
"229",0,1799,461,0,0,0,0,0,0,0
"230",0,1012,295,0,0,0,0,0,0,0
"231",0,1926,293,0,0,0,0,0,0,0
"232",0,1350,754,0,0,0,0,0,0,0
"233",0,0,0,0,0,8023,89136,71242,44415,2
"234",0,0,0,0,0,6829,79498,63950,42590,1
"235",0,0,0,0,0,6406,63075,51277,57646,0
"236",0,0,0,0,0,8774,96458,68052,53164,2
"237",0,3971,1412,0,0,0,0,0,0,0
"238",0,3484,1051,0,0,0,0,0,0,0
"239",0,3816,1623,0,0,0,0,0,0,0
"240",0,2136,983,0,0,0,0,0,0,0
"241",0,0,0,0,0,15065,176574,227813,241354,39
"242",0,0,0,0,0,17224,173478,229195,203270,33
"243",0,0,0,0,0,15785,180580,267964,311914,66
"244",0,0,0,0,0,14840,184158,266484,290184,61
"245",0,20899,9211,0,0,0,0,0,0,0
"246",0,13212,6097,0,0,0,0,0,0,0
"247",0,16504,6531,0,0,0,0,0,0,0
"248",0,35989,12542,0,0,0,0,0,0,0
"249",0,0,0,0,0,2351,17527,25218,9586,2
"250",0,0,0,0,0,1667,14524,21182,7931,0
"251",0,0,0,0,0,1830,16107,24434,7456,0
"252",0,0,0,0,0,2288,18572,25943,8629,0
"253",0,10244,4574,0,0,0,0,0,0,0
"254",0,4379,1883,0,0,0,0,0,0,0
"255",0,9523,5602,0,0,0,0,0,0,0
"256",0,6434,2276,0,0,0,0,0,0,0
"257",0,0,0,0,0,101556,708705,1039663,535208,1
"258",0,0,0,0,0,73960,620898,867582,538103,4
"259",0,0,0,0,0,52889,432511,658952,903531,0
"260",0,0,0,0,0,120552,676861,895555,719588,11
"261",0,323624,127856,0,0,0,0,0,0,0
"262",0,244195,113635,0,0,0,0,0,0,0
"263",0,311427,49301,0,0,0,0,0,0,0
"264",0,129970,62443,0,0,0,0,0,0,0
"265",0,0,0,0,0,97687,970038,1458109,717040,4
"266",0,0,0,0,0,147641,1133879,1271701,620732,3
"267",0,0,0,0,0,113195,1104711,1963990,1050771,8
"268",0,0,0,0,0,132147,1234212,1641740,832774,3
"269",0,210695,27250,0,0,0,0,0,0,0
"270",0,130925,53765,0,0,0,0,0,0,0
"271",0,211581,92301,0,0,0,0,0,0,0
"272",0,635391,237229,0,0,0,0,0,0,0
"273",26,0,3,0,3,4,0,1,0,0
"274",31,2,4,1,2,0,0,1,1,0
"275",32,1,1,0,2,1,2,0,0,0
"276",30,4,2,1,3,0,0,1,1,0
"277",0,0,0,0,17027,340899,324805,329990,53103,173768
"278",0,0,0,0,16922,361708,290558,254985,43027,147557
"279",0,0,0,0,17166,326395,194257,202661,34007,109852
"280",0,0,0,0,17024,331755,345508,276880,56742,187033
"281",0,0,0,0,17096,360752,262829,222751,50660,129999
"282",0,0,0,0,16954,361192,253218,202752,54778,146534
"283",0,0,0,0,17287,361043,304568,290427,88352,245749
"284",0,0,0,0,16912,360224,272585,250622,68051,173555
"285",4464157,1357570,1349260,220560,97,4154727,1992612,3945909,110,38
"286",4278987,299085,934660,122889,15,2451360,1658903,1128413,60,28
"287",4342762,1228601,1767102,369856,40,2152683,1369706,2061767,63,26
"288",4274374,537202,827102,166966,26,2945890,2272314,2249236,56,19
"289",293417,1,0,0,0,0,0,0,0,0
"290",294001,0,0,0,0,0,0,0,0,0
"291",293095,3,1,0,0,0,0,0,0,0
"292",292214,1,0,0,0,0,0,0,0,0
"293",582166,3,1,0,0,0,0,0,0,0
"294",585654,6,2,0,0,0,0,0,0,0
"295",581351,6,1,0,0,0,0,0,0,0
"296",580830,1,0,0,0,0,0,0,0,0
"297",647088,1,0,0,0,0,0,0,1,0
"298",645830,1,0,0,0,0,0,0,0,0
"299",646026,0,0,0,0,0,0,0,0,0
"300",643361,8,0,0,0,0,0,0,0,0
"301",0,350704,274466,157457,463908,281154,7,17,7,199387
"302",0,227790,189052,55559,102838,73698,2,3,8,109221
"303",0,379097,410942,148209,231414,140989,3,9,5,139256
"304",0,241407,175145,70390,130329,108930,7,9,11,184245
"305",0,372564,176600,60980,231281,120615,0,7,11,127174
"306",0,346075,169614,109592,419068,195051,0,7,1,116802
"307",0,331279,98913,29422,119550,63552,1,6,4,94067
"308",0,224233,110299,19307,85231,68417,3,8,12,137499
"309",0,210629,104235,28517,54124,43917,1,6,7,86289
"310",0,134323,136783,31158,48456,49596,3,5,6,78279
"311",0,166378,173031,60895,84600,64253,1,11,6,134265
"312",0,406861,381720,216487,416276,231412,1,6,7,97259
"313",0,210932,207186,138248,193741,275398,0,6,12,153721
"314",0,119756,128518,45245,34431,75106,0,4,10,112963
"315",0,211509,256832,136423,102656,150976,0,8,8,125888
"316",0,137969,120889,70703,49434,110271,1,9,5,144385
"317",0,144056,171074,67880,74292,133284,0,5,9,111499
"318",0,140778,164740,116952,127946,200046,1,10,8,100644
"319",0,122232,95788,30151,37220,71619,1,5,8,80769
"320",0,77246,100035,21081,26557,86186,2,8,8,110592
"321",0,32775,30936,6846,9373,24553,1,8,11,43714
"322",0,21935,39989,8163,10406,27435,0,6,5,41553
"323",0,29245,49515,16968,17056,33988,1,9,3,51879
"324",0,70163,99383,52296,77961,116471,3,8,10,46450
"325",77437,46265,24693,14275,6208,0,0,0,0,0
"326",64641,10242,16134,4962,1394,0,0,0,0,0
"327",68720,43056,33366,11921,2845,1,0,0,0,0
"328",65267,13350,13764,6463,1399,0,0,0,0,0
"329",557984,136417,203484,71830,24065,1,0,0,0,0
"330",684322,382218,175083,135621,41400,0,0,0,0,0
"331",561043,194288,109101,32793,9946,0,0,0,0,0
"332",550954,75128,126601,22343,7412,0,0,0,0,0
"333",485939,46663,80081,20996,6358,0,0,0,0,0
"334",485920,71537,109326,22779,6723,0,0,0,0,0
"335",488027,106143,131892,50918,11598,0,0,0,0,0
"336",544784,563277,292515,167813,58077,1,0,0,0,0
"337",44712,8,4,3,6,0,1,1,0,2
"338",44717,1,0,0,1,0,0,2,1,0
"339",44937,8,6,1,4,2,3,2,1,0
"340",44698,3,2,0,1,0,1,1,1,0
"341",74906,3,2,1,1,1,0,0,0,0
"342",74948,2,6,1,0,0,1,0,0,0
"343",74575,12,4,1,2,0,2,2,0,0
"344",74703,27,10,4,9,0,0,0,0,2
"345",0,0,0,0,47681,73452,52130,51878,34427,43101
"346",0,0,0,0,47740,70663,51306,49941,29682,39349
"347",0,0,0,0,47845,63866,34817,37119,22348,29037
"348",0,0,0,0,47486,79775,61918,54000,32467,42596
"349",0,0,0,0,3994,6341,5258,6854,4587,13972
"350",0,0,0,0,4063,6181,5394,6947,4263,12881
"351",0,0,0,0,4054,5439,3917,5903,3719,11370
"352",0,0,0,0,4036,6325,5533,6947,4350,13683
"353",0,0,0,0,50025,68140,46536,46334,28619,37468
"354",0,0,0,0,49702,71081,52004,44572,24294,32644
"355",0,0,0,0,50070,68346,48693,55657,35448,49273
"356",0,0,0,0,49612,70783,52664,45840,30783,41886
"357",0,0,0,0,4186,5648,4646,6668,3983,12427
"358",0,0,0,0,4225,5974,5044,5607,3714,12063
"359",0,0,0,0,4196,5725,5027,7274,4548,14653
"360",0,0,0,0,4087,6021,5332,7166,4648,14659
"361",88552,27,25,15,9,13,15,17,3,2
"362",88522,80,23,29,29,11,6,9,3,3
"363",88819,34,14,7,11,8,4,13,3,2
"364",88639,12,17,3,5,9,15,7,3,2
"365",495894,47,38,14,9,13,14,11,6,7
"366",497196,42,58,6,8,16,14,14,11,6
"367",498228,79,61,18,16,20,15,13,10,11
"368",494946,382,126,50,78,34,16,19,5,4
"369",0,0,0,0,19172,256703,243576,328023,160708,130355
"370",0,0,0,0,19211,232626,208406,281981,148707,116683
"371",0,0,0,0,19071,218729,147486,192318,117868,93573
"372",0,0,0,0,19015,279461,251203,327244,165944,141562
"373",0,0,0,0,19376,232897,194306,270811,124806,94917
"374",0,0,0,0,19061,261070,221560,249088,112790,95908
"375",0,0,0,0,19461,242564,212978,316475,188422,165171
"376",0,0,0,0,19289,251988,219512,292019,164810,123591
"377",1608635,500658,667327,345419,87174,0,0,0,0,0
"378",2340853,1446542,640161,612648,149153,0,0,0,0,0
"379",1627364,737736,355905,159685,43681,0,0,0,0,0
"380",1581295,277430,396226,116597,31021,0,0,0,0,0
"381",174403,0,0,0,0,0,0,0,0,0
"382",174523,0,0,0,0,0,0,0,0,0
"383",174544,0,0,0,0,0,0,0,0,0
"384",174234,0,0,0,0,0,0,0,0,0
"385",19655,0,0,0,0,0,0,0,0,0
"386",19647,0,0,0,0,0,0,0,0,0
"387",19682,0,0,0,0,0,0,0,0,0
"388",19617,0,0,0,0,0,0,0,0,0
"389",78511,0,0,0,0,0,0,0,0,0
"390",78678,0,0,0,0,0,0,0,0,0
"391",78274,0,0,0,0,0,0,0,0,0
"392",78398,0,0,0,0,0,0,0,0,0
"393",234972,21,3,2,0,3,0,1,0,0
"394",234573,3,1,0,0,1,0,0,0,0
"395",234425,13,3,2,0,0,0,0,0,0
"396",233512,7,2,0,1,0,1,0,0,0
"397",240446,2,3,0,0,0,0,0,0,0
"398",239277,7,1,0,0,0,0,0,0,0
"399",239805,8,0,0,0,0,0,0,0,0
"400",239378,1,2,0,1,0,1,0,0,0
"401",615262,202082,351668,2,203645,260566,268296,212068,0,0
"402",788697,506295,367113,4,357866,340592,228111,171402,0,0
"403",622661,264397,216859,2,94782,112260,84240,89324,0,0
"404",613010,114823,246103,1,72892,276895,312880,212093,0,0
"405",766115,78378,198706,67161,71069,159584,204530,222105,125091,112888
"406",774913,119335,242325,82035,91752,336800,302919,312085,120177,109056
"407",780301,176058,282264,151101,142682,301304,349443,428109,371815,364351
"408",928123,920377,617214,608477,713432,645796,337480,516070,268420,243558
"409",14808,18981,9983,7321,17988,8806,6694,7647,438,0
"410",8512,4524,6833,2326,3835,3476,4818,6451,368,0
"411",10417,19211,14150,6588,8596,5070,5131,6885,415,1
"412",9128,6304,6142,2965,4114,4083,6881,8064,509,0
"413",69162,74315,108747,34984,74758,50813,49749,57024,3594,1
"414",130018,163968,105989,64844,130320,66657,43170,44348,2891,3
"415",72240,92397,58153,15733,34626,25246,25586,37998,2541,1
"416",68849,36471,70575,11944,26393,45577,50188,50758,3544,1
"417",32457,10096,17850,5555,13965,38395,53982,60635,4099,2
"418",34178,15530,19405,6829,15865,48117,55752,55541,3463,2
"419",34611,23300,25560,13557,27897,46406,52693,67666,5102,2
"420",67467,110772,51407,48032,141735,119113,58353,67317,4790,3
"421",0,0,0,0,0,0,0,0,0,43194
"422",0,0,0,0,0,0,0,0,0,43018
"423",0,0,0,0,0,0,0,0,0,43664
"424",0,0,0,0,0,0,0,0,0,42759
"425",0,0,0,0,0,0,0,0,0,140582
"426",0,0,0,0,0,0,0,0,0,141319
"427",0,0,0,0,0,0,0,0,0,140228
"428",0,0,0,0,0,0,0,0,0,140568
"429",0,0,0,0,0,0,0,0,0,110516
"430",0,0,0,0,0,0,0,0,0,110261
"431",0,0,0,0,0,0,0,0,0,109932
"432",0,0,0,0,0,0,0,0,0,110311
"433",0,0,0,0,0,1674,2878,4561,480,948
"434",0,0,0,0,0,1700,2615,3736,409,691
"435",0,0,0,0,0,1675,2881,3752,395,822
"436",0,0,0,0,0,1622,3185,4903,490,913
"437",0,0,0,0,0,6793,11849,16014,1936,3132
"438",0,0,0,0,0,6782,11137,15488,1741,2634
"439",0,0,0,0,0,6716,8843,12514,1532,2511
"440",0,0,0,0,0,6817,12477,15373,1854,3345
"441",0,0,0,0,0,4321,6778,9758,962,1970
"442",0,0,0,0,0,4307,6258,8100,881,1958
"443",0,0,0,0,0,4333,6510,10143,1167,2620
"444",0,0,0,0,0,4245,6920,9251,1098,2405
"445",0,0,0,0,0,12991,23761,54002,6471,1
"446",0,0,0,0,0,12924,19990,44045,4865,5
"447",0,0,0,0,0,12903,21192,46076,5165,2
"448",0,0,0,0,0,12874,23751,55922,6127,7
"449",0,0,0,0,0,44660,83281,184688,20635,14
"450",0,0,0,0,0,44502,79240,158063,17742,6
"451",0,0,0,0,0,44663,62176,138881,14677,4
"452",0,0,0,0,0,44474,85107,177524,20764,3
"453",0,0,0,0,0,29986,49077,103412,10780,5
"454",0,0,0,0,0,29963,48101,91775,10167,1
"455",0,0,0,0,0,30242,51927,103733,11833,8
"456",0,0,0,0,0,29973,52329,116191,12446,5
"457",0,0,0,0,0,12058,20351,37329,4213,4
"458",0,0,0,0,0,12140,19871,30759,3194,3
"459",0,0,0,0,0,12253,21272,31814,4094,4
"460",0,0,0,0,0,12086,23850,38447,4361,3
"461",0,0,0,0,0,41107,78344,115604,15571,1
"462",0,0,0,0,0,41048,73528,111490,14428,5
"463",0,0,0,0,0,41213,54395,85435,11237,9
"464",0,0,0,0,0,41266,77845,115989,15447,2
"465",0,0,0,0,0,27200,42262,59467,7317,4
"466",0,0,0,0,0,27283,40681,54267,6540,2
"467",0,0,0,0,0,27162,40899,61774,9130,4
"468",0,0,0,0,0,27298,45591,71288,8405,4
"469",1717366,1000022,669616,729047,1131888,787740,431959,998512,544489,473835
"470",1526678,225799,473820,219440,234800,358173,322733,370530,297719,279364
"471",1582120,986053,945930,545280,508988,393891,353620,798212,515014,420472
"472",1528628,315058,398977,285549,255231,449384,479681,682024,537974,485230
"473",3753890,1265268,2303544,1508868,1840947,1613606,1116080,3689280,1599443,1270785
"474",4183437,3119203,2282101,2580344,3215770,2498799,1164033,1305956,1446947,1249446
"475",3776480,1680745,1264744,654133,850980,679213,421692,1226116,605698,481494
"476",3732021,676879,1600727,473629,653370,1810773,1922902,1456442,1233361,923694
"477",3811298,468793,1062034,414450,507640,486614,649128,1158955,565395,412685
"478",3830355,677046,1161528,459873,507624,1229555,1340250,1667151,681218,516549
"479",3850231,1138597,1520577,953154,887607,853059,854170,2030086,1962155,1705585
"480",4264182,5374557,3174272,3350848,4430045,2464798,978853,2388239,1335992,1060858
"481",138171,50980,61098,25890,100162,144967,103011,142450,78678,85334
"482",152837,61162,19762,7802,19875,77727,65161,64518,33621,36488
"483",147134,58657,27147,9324,19846,52536,48051,92009,42868,47114
"484",185004,103877,144614,75339,193129,217677,126631,160210,70673,78072
"485",14689,6539,4949,2544,10809,15411,11520,12909,11806,13980
"486",14168,994,1176,807,4485,9443,9508,12419,8101,9264
"487",15862,6402,4836,3826,25182,22497,6350,7621,7676,8730
"488",15020,2560,3689,1737,8838,16191,13865,14425,14731,17573
"489",11872,10099,3547,2006,14227,14527,6293,10252,5931,4678
"490",12847,3370,1285,1593,12729,15514,6610,9490,5641,4454
"491",9961,2168,1334,778,7988,11850,7232,10801,7484,6150
"492",10565,3578,3734,1425,8772,11861,6829,10507,6864,5437
"493",151864,64898,98044,38999,118053,163983,110603,124897,52964,60022
"494",167930,79989,31099,12859,27514,57394,40801,50213,18157,20624
"495",163493,80119,43307,12295,23508,67364,68882,89120,64484,71780
"496",203230,139405,238611,120188,224060,267835,166954,234963,110990,136037
"497",15792,14914,12402,7786,15731,21784,17889,20877,12257,8423
"498",14332,2058,2686,1818,5848,12578,16944,23514,7191,4610
"499",18388,14642,10759,10326,40727,31729,6856,9472,5459,4149
"500",16540,5969,8344,5158,11908,23611,23550,26452,13819,11249
"501",25085,22716,6322,3206,19129,21470,11899,14269,7491,6731
"502",28247,7336,2449,2638,18994,22381,13361,15931,5621,5016
"503",20904,5014,2256,1289,11548,17832,14231,21464,12637,12427
"504",21743,8918,6233,1988,11662,17660,16120,24497,12814,12349
"505",278338,112690,183888,83193,178173,216561,163533,217931,187415,170343
"506",299054,144232,58333,28233,40205,157828,174861,130944,74827,64684
"507",288191,140615,88151,29379,34469,62276,71755,87559,89125,81813
"508",340425,269733,417064,230084,322035,356765,215875,435429,179014,151267
"509",26000,33878,31553,14676,21639,26062,27317,32264,25758,14990
"510",25316,4841,8023,4549,9290,13616,20952,27757,15380,8349
"511",27838,33057,29337,23291,54588,47056,10176,14420,8906,5559
"512",26221,12599,21437,10824,17427,25993,33060,36319,25010,17217
"513",36973,25721,7596,3818,19220,27428,17806,24262,14876,9601
"514",39441,9365,2487,3108,17387,28067,18276,21172,13357,8858
"515",33218,5743,2944,1271,9100,18284,18155,25195,19246,13309
"516",34024,10364,6959,2659,12257,21404,18074,25711,16750,11022
"517",124969,36702,45000,17765,82884,122495,91703,117911,69195,81616
"518",135658,50146,15103,5656,16557,31723,31287,36823,26560,30943
"519",135053,45964,19072,5954,14011,34724,39035,72978,37541,44116
"520",164266,81776,112855,55259,163351,188794,109251,138943,62151,71361
"521",14873,21270,14994,6179,15852,24081,19059,22190,15734,14189
"522",13643,3044,3568,1673,6740,17398,18715,26381,12962,11019
"523",17209,22295,14454,8321,39285,33998,7720,11053,7458,6985
"524",15289,9014,10092,4314,13553,27788,23436,25510,14294,13058
"525",14859,9371,5276,2826,20106,20686,8360,10221,5845,5367
"526",15505,2762,1781,2385,18594,26109,11955,10678,4466,3982
"527",12513,1798,1846,1034,10116,16883,10138,13804,7622,7318
"528",12867,3385,4983,1692,11495,18709,11843,16342,6458,5700
"529",663225,622599,286849,81364,563307,459250,246764,370397,185719,179345
"530",506240,147133,205189,24015,119012,138763,108819,103147,80062,76210
"531",565758,605558,412236,60040,259396,243156,203137,266843,169864,151928
"532",514977,204929,176831,30414,140675,364355,359835,287671,238921,217059
